model,acc,prec,rec,f1
nb,0.8308874912648497,0.8030050083472454,0.7950413223140496,0.7990033222591362
logreg,0.8406708595387841,0.8354092526690391,0.7760330578512397,0.8046272493573264
